{
    "internalName": "prototype.vss",
    "displayName": "VSS Vintorez",
    "weaponType": "carbine",

    "gunDamage": 8,
    "gunDamageHeadshotBonus": 2,

    "roundsPerMin": 350,

    "allowEmptyMagazines": true,

    "recoilPitch": 6.0,
    "recoilYaw": 2.5,
    "randomRecoilPitch": 0.8,
    "randomRecoilYaw": 0.8,
    "bulletSpread": 1.0,

    "accuracySneakFactor": 0.5,
    "moveSpeedModifier": 1.0,
    "allowSprintFiring": true,

    "fireModes": ["full", "semi"],
    "acceptedAmmo": ["prototype.vssammo"],

    "dropBulletCasing": true,

    "shellEjectOffsetNormal": {
        "x": -1.0,
        "y": 0.0,
        "z": 1.0
    },
    "shellEjectOffsetAiming": {
        "x": -0.2,
        "y": 0.12,
        "z": 0.5
    },
    "weaponSoundMap": {
        "weaponFire": [
            {
                "soundEvent": "weaponFire",
                "soundName": "prototype.vss.shoot",
                "soundRange": 64,
                "soundMaxRange": 96,
                "soundFadeMultiplier": 1
            }
        ],
        "weaponUnload": [
            {
                "soundEvent": "weaponReload",
                "soundName": "prototype.generic.reload"
            }
        ]
    },
    "acceptedAttachments": {
        "sight": [
            "prototype.psv_scope",
            "prototype.obzor_sight"
        ]
    },
    "modelSkins": [
        {
            "internalName": "prototype.vss",
            "skinAsset": "prototype.vss",
            "displayName": "Default"
        }
    ]
}