{
    "internalName": "prototype.m4a1",
    "displayName": "M4A1",
    "weaponType": "carbine",

    "gunDamage": 9,
    "gunDamageHeadshotBonus": 2,

    "roundsPerMin": 600,

    "allowEmptyMagazines": true,

    "recoilPitch": 2.0,
    "recoilYaw": 1.0,
    "randomRecoilPitch": 0,
    "randomRecoilYaw": 0,

    "bulletSpread": 0.5,

    "accuracySneakFactor": 0.75,
    "moveSpeedModifier": 1.0,
    "allowSprintFiring": true,

    "fireModes": ["full", "semi", "burst"],
    "acceptedAmmo": ["prototype.m4a1ammo"],

    "dropBulletCasing": true,

    "shellEjectOffsetNormal": {
        "x": -1.0,
        "y": 0.0,
        "z": 1.0
    },
    "shellEjectOffsetAiming": {
        "x": -0.2,
        "y": 0.12,
        "z": 0.5
    },
    "weaponSoundMap": {
        "weaponFire": [
            {
                "soundEvent": "weaponFire",
                "soundName": "prototype.hk416.shoot",
                "soundNameDistant": "prototype.hk416.shoot.distant",
                "soundRange": 64,
                "soundMaxRange": 96,
                "soundFadeMultiplier": 1
            }
        ],
        "weaponUnload": [
            {
                "soundEvent": "weaponReload",
                "soundName": "prototype.generic.reload"
            }
        ],
        "weaponFireSuppressed": [
            {
                "soundEvent": "weaponFireSuppressed",
                "soundName": "prototype.hk416.shoot.sup",
                "soundRange": 30,
                "soundMaxRange": 30,
                "soundFadeMultiplier": 1
            }
        ]
    },
    "acceptedAttachments": {
        "sight": [
            "prototype.acog_scope",
            "prototype.docter_sight",
            "prototype.long_scope"
        ],
        "barrel": [
            "prototype.ar_suppressor"
        ],
        "grip": [
            "prototype.ergo_foregrip"
        ]
    },
    "modelSkins": [
        {
            "internalName": "prototype.m4a1",
            "skinAsset": "prototype.m4a1",
            "displayName": "Default"
        },
        {
            "internalName": "prototype.m4a1.blood",
            "skinAsset": "prototype.m4a1.blood",
            "displayName": "Blood"
        }
    ]
}