{
    "internalName": "prototype.fnx45",
    "displayName": "FNX45",
    "weaponType": "pistol",

    "gunDamage": 8,
    "roundsPerMin": 350,

    "allowEmptyMagazines": true,

    "recoilPitch": 1.2,
    "recoilYaw": 0.2,
    "randomRecoilPitch": 0.1,
    "randomRecoilYaw": 0.5,

    "armPose": "ITEM",
    "armPoseAiming": "BOW_AND_ARROW",

    "accuracySneakFactor": 0.75,
    "moveSpeedModifier": 1.0,
    "allowSprintFiring": true,

    "fireModes": ["semi"],
    "acceptedAmmo": ["prototype.fnx45ammo"],

    "dropBulletCasing": true,

    "shellEjectOffsetNormal": {
        "x": -1.0,
        "y": 0.0,
        "z": 1.0
    },
    "shellEjectOffsetAiming": {
        "x": -0.2,
        "y": 0.12,
        "z": 0.5
    },
    "weaponSoundMap": {
        "weaponFire": [
            {
                "soundEvent": "weaponFire",
                "soundName": "prototype.fnx45.shoot",
                "soundNameDistant": "omw.fiveseven.distant",
                "soundRange": 64,
                "soundMaxRange": 96,
                "soundFadeMultiplier": 1
            }
        ],
        "weaponFireSuppressed": [
            {
                "soundEvent": "weaponFireSuppressed",
                "soundName": "prototype.fnx45.shoot.sup",
                "soundRange": 30,
                "soundMaxRange": 30,
                "soundFadeMultiplier": 1
            }
        ]
    },
    "acceptedAttachments": {
        "sight": [
            "prototype.docter_sight_mini"
        ],
        "barrel": [
            "prototype.pistol_suppressor"
        ]
    },
    "modelSkins": [
        {
            "internalName": "prototype.fnx45",
            "skinAsset": "prototype.fnx45",
            "displayName": "Default"
        }
    ]
}