{
    "internalName": "prototype.spas12",
    "displayName": "SPAS12",
    "weaponType": "shotgun",

    "gunDamage": 5,
    "roundsPerMin": 100,

    "allowEmptyMagazines": true,

    "recoilPitch": 10.0,
    "recoilYaw": 2.5,
    "randomRecoilPitch": 0.8,
    "randomRecoilYaw": 0.8,
    "bulletSpread": 8,

    "numBullets": 6,

    "accuracySneakFactor": 0.5,
    "moveSpeedModifier": 1.0,
    "allowSprintFiring": true,

    "fireModes": ["semi"],

    "acceptedBullets": ["prototype.12gauge", "prototype.12sluggauge"],
    "internalAmmoStorage": 6,
    "reloadTime": 60,


    "dropBulletCasing": true,
    "shellEjectOffsetNormal": {
        "x": -1.0,
        "y": 0.0,
        "z": 1.0
    },
    "shellEjectOffsetAiming": {
        "x": -0.2,
        "y": 0.12,
        "z": 0.5
    },
    "acceptedAttachments": {
        "barrel": [
            "prototype.shotgun_suppressor"
        ]
    },
    "weaponSoundMap": {
        "weaponFire": [
            {
                "soundEvent": "weaponFire",
                "soundName": "prototype.spas12.shoot",
                "soundNameDistant": "prototype.spas12.distant",
                "soundRange": 64,
                "soundMaxRange": 96,
                "soundFadeMultiplier": 1
            }
        ],
        "weaponFireSuppressed": [
            {
                "soundEvent": "weaponFireSuppressed",
                "soundName": "prototype.spas12.shoot.sup",
                "soundRange": 30,
                "soundMaxRange": 30,
                "soundFadeMultiplier": 1
            }
        ],
        "weaponBolt": [
            {
                "soundEvent": "weaponBolt",
                "soundName": "prototype.spas12.pump"
            }
        ],
        "weaponBulletLoad": [
            {
                "soundEvent": "weaponBulletLoad",
                "soundName": "prototype.spas12.chamber"
            }
        ]
    },
    "modelSkins": [
        {
            "internalName": "prototype.spas12",
            "skinAsset": "prototype.spas12",
            "displayName": "Default"
        },
        {
            "internalName": "prototype.spas12.urban",
            "skinAsset": "prototype.spas12.urban",
            "displayName": "Urban"
        }
    ]
}