{
  "displayName": "L115A3",
  "internalName": "prototype.l115a3",
  "weaponType": "boltsniper",
  "gunDamage": 19,
  "gunDamageHeadshotBonus": 1,
  "roundsPerMin": 34,
  "acceptedAmmo": ["prototype.l115a3ammo"],
  "fireModes": ["semi"],

  "recoilPitch": 11.0,
  "recoilYaw": 1.0,
  "randomRecoilPitch": 0.5,
  "randomRecoilYaw": 0.5,

  "allowSprintFiring": true,
  "allowEmptyMagazines": true,
  "moveSpeedModifier": 0.9,
  "accuracySneakFactor": 0.5,

  "dropBulletCasing": true,

  "shellEjectOffsetNormal": {
    "x": -1.0,
    "y": 0.0,
    "z": 1.0
  },
  "shellEjectOffsetAiming": {
    "x": -0.2,
    "y": 0.12,
    "z": 0.5
  },

  "weaponSoundMap": {
    "weaponFire": [
      {
        "soundEvent": "weaponFire",
        "soundName": "prototype.l115a3.shoot",
        "soundNameDistant": "prototype.l115a3.distant",
        "soundRange": 64,
        "soundMaxRange": 96,
        "soundFadeMultiplier": 1
      }
    ],
    "weaponFireSuppressed": [
      {
        "soundEvent": "weaponFireSuppressed",
        "soundName": "prototype.l115a3.shoot.sup",
        "soundNameDistant": "prototype.l115a3.sup",
        "soundRange": 20,
        "soundMaxRange": 32,
        "soundFadeMultiplier": 1
      }
    ],
    "weaponReload": [
      {
        "soundEvent": "weaponReload",
        "soundName": "prototype.l115a3.reload"
      }
    ],
    "weaponBolt": [
      {
        "soundEvent": "weaponBolt",
        "soundName": "prototype.l115a3.bolt"
      }
    ]
  },
  "acceptedAttachments": {
    "sight": [
      "prototype.long_scope",
      "prototype.docter_sight",
      "prototype.acog_scope"
    ],
    "barrel": [
      "prototype.sr_suppressor"
    ]
  },
  "modelSkins": [
    {
      "internalName": "prototype.l115a3",
      "skinAsset": "prototype.l115a3",
      "displayName": "Default"
    }
  ]
}
